SET SQL_MODE = "NO_AUTO_VALUE_ON_ZERO";
SET AUTOCOMMIT = 0;
START TRANSACTION;
SET time_zone = "+00:00";

--
-- Table structure for table `FP_author`
--
DROP TABLE IF EXISTS `FP_author`;
CREATE TABLE `FP_author` (
  `authorId` mediumint(9) NOT NULL,
  `firstName` varchar(25) COLLATE utf8_unicode_ci NOT NULL,
  `lastName` varchar(25) COLLATE utf8_unicode_ci NOT NULL,
  `portrait` varchar(500) COLLATE utf8_unicode_ci NOT NULL,
  `biography` varchar(500) COLLATE utf8_unicode_ci NOT NULL
) ENGINE=InnoDB DEFAULT CHARSET=utf8 COLLATE=utf8_unicode_ci;

--
-- Dumping data for table `FP_author`
--

INSERT INTO `FP_author` (`authorId`, `firstName`, `lastName`, `portrait`, `biography`) VALUES
(1, 'Charles', 'Dickens', 'https://cdn.britannica.com/52/75052-050-777F7105/Charles-Dickens.jpg', 'Charles John Huffam Dickens FRSA was an English writer and social critic. He created some of the world best-known fictional characters and is regarded by many as the greatest novelist of the Victorian era.'),
(2, 'J. R. R.', 'Tolkien', 'https://vignette.wikia.nocookie.net/narnia/images/9/93/Tolkien_2.jpg/revision/latest/top-crop/width/360/height/450?cb=20120611180603', 'John Ronald Reuel Tolkien CBE FRSL was an English writer, poet, philologist, and academic. He was the author of the classic high fantasy works The Hobbit and The Lord of the Rings.'),
(3, 'Antoine', 'de Saint-Exupéry', 'https://images.gr-assets.com/authors/1330853515p8/1020792.jpg', 'Antoine Marie Jean-Baptiste Roger, comte de Saint-Exupéry, simply known as de Saint-Exupéry, was a French writer, poet, aristocrat, journalist and pioneering aviator. He became a laureate of several of France highest literary awards and also won the United States National Book Award.'),
(4, 'J. K.', 'Rowling', 'https://thumbor.forbes.com/thumbor/fit-in/416x416/filters%3Aformat%28jpg%29/https%3A%2F%2Fspecials-images.forbesimg.com%2Fimageserve%2F5d24fd0d142c500008c8a9c9%2F0x0.jpg%3Fbackground%3D000000%26cropX1%3D506%26cropX2%3D1806%26cropY1%3D69%26cropY2%3D1369', 'Joanne Rowling CH, OBE, HonFRSE, FRCPE, FRSL, better known by her pen name J. K. Rowling, is a British author, film producer, television producer, screenwriter, and philanthropist.'),
(5, 'Lewis', 'Carroll', 'https://cdn.britannica.com/s:290x800/34/19534-004-FB384A32/Lewis-Carroll-1863.jpg', 'Charles Lutwidge Dodgson, better known by his pen name Lewis Carroll, was an English writer of childrens fiction, notably Alices Adventures in Wonderland and its sequel Through the Looking-Glass. He was noted for his facility at word play, logic, and fantasy.'),
(6, 'Cao', 'Xueqin', 'https://iztok-zapad.eu/image/cache/catalog/authors/picture_937-200x200.jpg', 'Cáo Xuěqín; was a Chinese writer during the Qing dynasty. He is best known as the author of Dream of the Red Chamber, one of the Four Great Classical Novels of Chinese literature. His given name was Cáo Zhān and his courtesy name was Mèngruǎn.'),
(7, 'Agatha', 'Christie', 'https://www.gstatic.com/tv/thumb/persons/323/323_v9_ba.jpg', 'Dame Agatha Mary Clarissa Christie, Lady Mallowan, DBE was an English writer known for her sixty-six detective novels and fourteen short story collections, particularly those revolving around fictional detectives Hercule Poirot and Miss Marple.'),
(8, 'C. S.', 'Lewis', 'https://upload.wikimedia.org/wikipedia/en/thumb/1/1e/C.s.lewis3.JPG/220px-C.s.lewis3.JPG', 'Clive Staples Lewis was a British writer and lay theologian. He held academic positions in English literature at both Oxford University and Cambridge University.'),
(9, 'Dan', 'Brown', 'https://danbrown.com/wp-content/themes/danbrown/images/db/slideshow/author/db.courter.02.jpg', 'Daniel Gerhard Brown is an American author best known for his thriller novels, including the Robert Langdon novels Angels & Demons, The Da Vinci Code, The Lost Symbol, Inferno and Origin. His novels are treasure hunts that usually take place over a period of 24 hours.' ),
(10, 'Carlo', 'Collodi', 'https://images.gr-assets.com/authors/1259046834p5/15123.jpg', 'Carlo Lorenzini, better known by the pen name Carlo Collodi, was an Italian author, humorist, and journalist, widely known for his fairy tale novel The Adventures of Pinocchio.');


-- --------------------------------------------------------

--
-- Table structure for table `FP_user`
--
DROP TABLE IF EXISTS `FP_user`;
CREATE TABLE `FP_user` (
  `userId` mediumint(9) NOT NULL,
  `userName` varchar(25) COLLATE utf8_unicode_ci NOT NULL,
  `password` varchar(25) COLLATE utf8_unicode_ci NOT NULL
) ENGINE=InnoDB DEFAULT CHARSET=utf8 COLLATE=utf8_unicode_ci;

--
-- Dumping data for table `FP_user`
--

INSERT INTO `FP_user` (`userId`, `userName`, `password`) VALUES
(1, 'admin', 'admin'),
(2, 'jane', 'doe'),
(3, 'alice', 'alice'),
(4, 'bob', 'bob'),
(5, 'jojo', '123'),
(6, 'koda', 'k@k'),
(7, 'mac360', 'mc'),
(8, 'Thor', 'hammer'),
(9, 'User23', 'llk'),
(10, 'ericg', 'ericg');

-- --------------------------------------------------------

--
-- Table structure for table `FP_books`
--

DROP TABLE IF EXISTS `FP_books`;

CREATE TABLE `FP_books` (
  `bookId` mediumint(9) NOT NULL,
  `title` varchar(100) COLLATE utf8_unicode_ci NOT NULL,
  `authorId` smallint(6) NULL,
  `cover` varchar(200) COLLATE utf8_unicode_ci NOT NULL,
  `year` int(6) DEFAULT NULL,
  `inStock` int(6) DEFAULT NULL
) ENGINE=InnoDB DEFAULT CHARSET=utf8 COLLATE=utf8_unicode_ci;

--
-- Dumping data for table `FP_books`
--

INSERT INTO `FP_books` (`bookId`, `title`, `authorId`, `cover`, `year`, `inStock`) VALUES
(1, 'A Tale of Two Cities', 1, 
'https://imgix.ranker.com/user_node_img/27/526685/original/a-tale-of-two-cities-books-photo-u2?w=125&h=125&fit=crop&crop=faces&q=60&fm=pjpg', 
1859, 12),
(2, 'The Lord of the Rings', 2, 
'https://imgix.ranker.com/user_node_img/111/2204773/original/the-lord-of-the-rings-books-photo-u2?w=125&h=125&fit=crop&crop=faces&q=60&fm=pjpg', 
1954, 20),
(3, 'Harry Potter and the Philosophers Stone', 4, 
'https://imgix.ranker.com/user_node_img/124/2474553/original/harry-potter-and-the-philosopher-s-stone-books-photo-u1?w=125&h=125&fit=crop&crop=faces&q=60&fm=pjpg', 
1997, 10),
(4, 'The Hobbit', 2, 
'https://imgix.ranker.com/user_node_img/110/2198358/original/the-hobbit-books-photo-u5?w=125&h=125&fit=crop&crop=faces&q=60&fm=pjpg', 
1937, 5),
(5, 'Alices Adventures in Wonderland', 5, 
'https://imgix.ranker.com/user_node_img/980/19593805/original/alice-in-wonderland-photo-u7?w=120&h=120&q=60&fm=pjpg&fit=crop&crop=faces', 
1865, 9),
(6, 'The Little Prince', 3, 
'https://imgix.ranker.com/user_node_img/111/2204218/original/the-little-prince-books-photo-u2?w=125&h=125&fit=crop&crop=faces&q=60&fm=pjpg', 
1943, 13),
(7, 'Dream of the Red Chamber', 6, 
'https://imgix.ranker.com/node_img/45/888783/original/dream-of-the-red-chamber-books-photo-1?w=125&h=125&fit=crop&crop=faces&q=60&fm=pjpg', 
1791, 5),
(8, 'And Then There Were None', 7, 
'https://imgix.ranker.com/user_node_img/3098/61943140/original/61943140-photo-u1?w=120&h=120&q=60&fm=pjpg&fit=crop&crop=faces', 
1939, 3),
(9, 'The Lion, the Witch and the Wardrobe', 8, 
'https://imgix.ranker.com/user_node_img/111/2204085/original/the-lion-the-witch-and-the-wardrobe-books-photo-u1?w=120&h=120&q=60&fm=pjpg&fit=crop&crop=faces', 
1950, 25),
(10, 'The Da Vinci Code', 9, 
'https://imgix.ranker.com/user_node_img/110/2186945/original/the-da-vinci-code-books-photo-u2?w=120&h=120&q=60&fm=pjpg&fit=crop&crop=faces', 
2003, 2);

-- --------------------------------------------------------

--
-- Table structure for table `FP_rental`
--
DROP TABLE IF EXISTS `FP_rental`;
CREATE TABLE `FP_rental` (
  `rentalId` mediumint(9) NOT NULL,
  `userId` mediumint(9) NOT NULL,
  `bookId`  mediumint(9) NOT NULL
) ENGINE=InnoDB DEFAULT CHARSET=utf8 COLLATE=utf8_unicode_ci;

-- --------------------------------------------------------

-- --------------------------------------------------------
-- Indexes for dumped tables
-- --------------------------------------------------------

--
-- Indexes for table `FP_author`
--
ALTER TABLE `FP_author`
  ADD PRIMARY KEY (`authorId`);

--
-- Indexes for table `FP_user`
--
ALTER TABLE `FP_user`
  ADD PRIMARY KEY (`userId`);

--
-- Indexes for table `FP_books`
--
ALTER TABLE `FP_books`
  ADD PRIMARY KEY (`bookId`);
  
--
-- Indexes for table `FP_rental`
--
ALTER TABLE `FP_rental`
  ADD PRIMARY KEY (`rentalId`);

---- --------------------------------------------------------
-- AUTO_INCREMENT for dumped tables -------------------------
---- --------------------------------------------------------

--
-- AUTO_INCREMENT for table `FP_author`
--
ALTER TABLE `FP_author`
  MODIFY `authorId` mediumint(9) NOT NULL AUTO_INCREMENT, AUTO_INCREMENT=8;

--
-- AUTO_INCREMENT for table `FP_user`
--
ALTER TABLE `FP_user`
  MODIFY `userId` mediumint(9) NOT NULL AUTO_INCREMENT, AUTO_INCREMENT=8;
  
--
-- AUTO_INCREMENT for table `FP_books`
--
ALTER TABLE `FP_books`
  MODIFY `bookId` mediumint(9) NOT NULL AUTO_INCREMENT, AUTO_INCREMENT=33;
  
--
-- AUTO_INCREMENT for table `FP_rental`
--
ALTER TABLE `FP_rental`
  MODIFY `rentalId` mediumint(9) NOT NULL AUTO_INCREMENT, AUTO_INCREMENT=33;

COMMIT;
